[
  {
    "numero": 1,
    "nombre": "Unión Fraternal",
    "direccion": "Marcoleta 659",
    "ciudad": "Santiago",
    "jurisdiccion": "https://www.google.com/maps/search/?api=1&query=Marcoleta+659%2C+Santiago%2C+Chile",
    "dia_tenida": "Martes",
    "hora_tenida": "19:30",
    "mapa": ""
  },
  {
    "numero": 2,
    "nombre": "Fraternidad",
    "direccion": "Castellón 560",
    "ciudad": "Concepción",
    "jurisdiccion": "https://www.google.com/maps/search/?api=1&query=Castell%C3%B3n+560%2C+Concepci%C3%B3n%2C+Chile",
    "dia_tenida": "",
    "hora_tenida": "",
    "mapa": ""
  },
  {
    "numero": 3,
    "nombre": "Orden y Libertad",
    "direccion": "Chacabuco N°780",
    "ciudad": "Copiapó",
    "jurisdiccion": "https://www.google.com/maps/search/?api=1&query=Chacabuco+N%C2%B0780%2C+Copiap%C3%B3%2C+Chile",
    "dia_tenida": "",
    "hora_tenida": "",
    "mapa": ""
  },
  {
    "numero": 4,
    "nombre": "Progreso",
    "direccion": "Avenida Brasil N°1817",
    "ciudad": "Valparaíso",
    "jurisdiccion": "https://www.google.com/maps/search/?api=1&query=Avenida+Brasil+N%C2%B01817%2C+Valpara%C3%ADso%2C+Chile",
    "dia_tenida": "",
    "hora_tenida": "",
    "mapa": ""
  },
  {
    "numero": 5,
    "nombre": "Justicia y Libertad",
    "direccion": "Marcoleta 659",
    "ciudad": "Santiago",
    "jurisdiccion": "https://www.google.com/maps/search/?api=1&query=Marcoleta+659%2C+Santiago%2C+Chile",
    "dia_tenida": "",
    "hora_tenida": "",
    "mapa": ""
  },
  {
    "numero": 6,
    "nombre": "Aurora",
    "direccion": "AV. Santos Ossa 3350 Valparaíso",
    "ciudad": "Valparaíso",
    "jurisdiccion": "https://www.google.com/maps/search/?api=1&query=AV.+Santos+Ossa+3350+Valpara%C3%ADso%2C+Valpara%C3%ADso%2C+Chile",
    "dia_tenida": "",
    "hora_tenida": "",
    "mapa": ""
  },
  {
    "numero": 7,
    "nombre": "Deber y Constancia",
    "direccion": "Marcoleta 659",
    "ciudad": "Santiago",
    "jurisdiccion": "https://www.google.com/maps/search/?api=1&query=Marcoleta+659%2C+Santiago%2C+Chile",
    "dia_tenida": "",
    "hora_tenida": "",
    "mapa": ""
  },
  {
    "numero": 8,
    "nombre": "Renacimiento",
    "direccion": "Marcoleta 659",
    "ciudad": "Santiago",
    "jurisdiccion": "https://www.google.com/maps/search/?api=1&query=Marcoleta+659%2C+Santiago%2C+Chile",
    "dia_tenida": "",
    "hora_tenida": "",
    "mapa": ""
  },
  {
    "numero": 9,
    "nombre": "Cóndor",
    "direccion": "Marcoleta 659",
    "ciudad": "Santiago",
    "jurisdiccion": "https://www.google.com/maps/search/?api=1&query=Marcoleta+659%2C+Santiago%2C+Chile",
    "dia_tenida": "",
    "hora_tenida": "",
    "mapa": ""
  },
  {
    "numero": 10,
    "nombre": "Verdad",
    "direccion": "Marcoleta 659",
    "ciudad": "Santiago",
    "jurisdiccion": "https://www.google.com/maps/search/?api=1&query=Marcoleta+659%2C+Santiago%2C+Chile",
    "dia_tenida": "",
    "hora_tenida": "",
    "mapa": ""
  },
  {
    "numero": 11,
    "nombre": "Luz y Esperanza",
    "direccion": "Los Carrera 595",
    "ciudad": "La Serena",
    "jurisdiccion": "https://www.google.com/maps/search/?api=1&query=Los+Carrera+595%2C+La+Serena%2C+Chile",
    "dia_tenida": "",
    "hora_tenida": "",
    "mapa": ""
  },
  {
    "numero": 12,
    "nombre": "Tolerancia",
    "direccion": "Rosas 456",
    "ciudad": "Chillán",
    "jurisdiccion": "https://www.google.com/maps/search/?api=1&query=Rosas+456%2C+Chill%C3%A1n%2C+Chile",
    "dia_tenida": "",
    "hora_tenida": "",
    "mapa": ""
  },
  {
    "numero": 13,
    "nombre": "Paz y Concordia",
    "direccion": "Los Tilos 1165",
    "ciudad": "Concepción",
    "jurisdiccion": "https://www.google.com/maps/search/?api=1&query=Los+Tilos+1165%2C+Concepci%C3%B3n%2C+Chile",
    "dia_tenida": "",
    "hora_tenida": "",
    "mapa": ""
  },
  {
    "numero": 14,
    "nombre": "Unión y Cultura",
    "direccion": "Uribe 633",
    "ciudad": "Antofagasta",
    "jurisdiccion": "https://www.google.com/maps/search/?api=1&query=Uribe+633%2C+Antofagasta%2C+Chile",
    "dia_tenida": "",
    "hora_tenida": "",
    "mapa": ""
  },
  {
    "numero": 15,
    "nombre": "Victoria",
    "direccion": "Bulnes 551",
    "ciudad": "San Bernardo",
    "jurisdiccion": "https://www.google.com/maps/search/?api=1&query=Bulnes+551%2C+San+Bernardo%2C+Chile",
    "dia_tenida": "",
    "hora_tenida": "",
    "mapa": ""
  },
  {
    "numero": 16,
    "nombre": "Cruz del Sur",
    "direccion": "Los Carrera 469",
    "ciudad": "Coronel",
    "jurisdiccion": "https://www.google.com/maps/search/?api=1&query=Los+Carrera+469%2C+Coronel%2C+Chile",
    "dia_tenida": "",
    "hora_tenida": "",
    "mapa": ""
  },
  {
    "numero": 17,
    "nombre": "Giordano Bruno",
    "direccion": "Marcoleta 659",
    "ciudad": "Santiago",
    "jurisdiccion": "https://www.google.com/maps/search/?api=1&query=Marcoleta+659%2C+Santiago%2C+Chile",
    "dia_tenida": "",
    "hora_tenida": "",
    "mapa": ""
  },
  {
    "numero": 18,
    "nombre": "Voltaire",
    "direccion": "4 Sur 935",
    "ciudad": "Talca",
    "jurisdiccion": "https://www.google.com/maps/search/?api=1&query=4+Sur+935%2C+Talca%2C+Chile",
    "dia_tenida": "",
    "hora_tenida": "",
    "mapa": ""
  },
  {
    "numero": 19,
    "nombre": "Prince of Wales",
    "direccion": "Marcoleta N°659",
    "ciudad": "Santiago",
    "jurisdiccion": "https://www.google.com/maps/search/?api=1&query=Marcoleta+N%C2%B0659%2C+Santiago%2C+Chile",
    "dia_tenida": "",
    "hora_tenida": "",
    "mapa": ""
  },
  {
    "numero": 20,
    "nombre": "Espiritu Fraternal",
    "direccion": "O'Higgins N°824",
    "ciudad": "Calama",
    "jurisdiccion": "https://www.google.com/maps/search/?api=1&query=O%27Higgins+N%C2%B0824%2C+Calama%2C+Chile",
    "dia_tenida": "",
    "hora_tenida": "",
    "mapa": ""
  },
  {
    "numero": 21,
    "nombre": "Superación",
    "direccion": "Marcoleta N°659",
    "ciudad": "Santiago",
    "jurisdiccion": "https://www.google.com/maps/search/?api=1&query=Marcoleta+N%C2%B0659%2C+Santiago%2C+Chile",
    "dia_tenida": "",
    "hora_tenida": "",
    "mapa": ""
  },
  {
    "numero": 22,
    "nombre": "José Miguel Carrera",
    "direccion": "Jose Miguel Infante 1398",
    "ciudad": "Providencia",
    "jurisdiccion": "https://www.google.com/maps/search/?api=1&query=Jose+Miguel+Infante+1398%2C+Providencia%2C+Chile",
    "dia_tenida": "",
    "hora_tenida": "",
    "mapa": ""
  },
  {
    "numero": 23,
    "nombre": "Francisco Bilbao",
    "direccion": "Patricio Lynch 1266",
    "ciudad": "Iquique",
    "jurisdiccion": "https://www.google.com/maps/search/?api=1&query=Patricio+Lynch+1266%2C+Iquique%2C+Chile",
    "dia_tenida": "",
    "hora_tenida": "",
    "mapa": ""
  },
  {
    "numero": 24,
    "nombre": "Aurora de Italia",
    "direccion": "Marcoleta 659",
    "ciudad": "Santiago",
    "jurisdiccion": "https://www.google.com/maps/search/?api=1&query=Marcoleta+659%2C+Santiago%2C+Chile",
    "dia_tenida": "",
    "hora_tenida": "",
    "mapa": ""
  },
  {
    "numero": 25,
    "nombre": "Estrella de Magallanes",
    "direccion": "Chiloé 954",
    "ciudad": "Punta Arenas",
    "jurisdiccion": "https://www.google.com/maps/search/?api=1&query=Chilo%C3%A9+954%2C+Punta+Arenas%2C+Chile",
    "dia_tenida": "",
    "hora_tenida": "",
    "mapa": ""
  },
  {
    "numero": 26,
    "nombre": "Levante",
    "direccion": "Baquedano 9426",
    "ciudad": "La Cisterna",
    "jurisdiccion": "https://www.google.com/maps/search/?api=1&query=Baquedano+9426%2C+La+Cisterna%2C+Chile",
    "dia_tenida": "",
    "hora_tenida": "",
    "mapa": ""
  },
  {
    "numero": 27,
    "nombre": "Franklin",
    "direccion": "Marcoleta 659",
    "ciudad": "Santiago",
    "jurisdiccion": "https://www.google.com/maps/search/?api=1&query=Marcoleta+659%2C+Santiago%2C+Chile",
    "dia_tenida": "",
    "hora_tenida": "",
    "mapa": ""
  },
  {
    "numero": 28,
    "nombre": "Colchagua",
    "direccion": "Argomedo N°387",
    "ciudad": "San Fernando",
    "jurisdiccion": "https://www.google.com/maps/search/?api=1&query=Argomedo+N%C2%B0387%2C+San+Fernando%2C+Chile",
    "dia_tenida": "",
    "hora_tenida": "",
    "mapa": ""
  },
  {
    "numero": 29,
    "nombre": "Morro de Arica",
    "direccion": "Sotomayor 574",
    "ciudad": "Arica",
    "jurisdiccion": "https://www.google.com/maps/search/?api=1&query=Sotomayor+574%2C+Arica%2C+Chile",
    "dia_tenida": "",
    "hora_tenida": "",
    "mapa": ""
  },
  {
    "numero": 30,
    "nombre": "Esmeralda",
    "direccion": "Castellón 560",
    "ciudad": "Concepción",
    "jurisdiccion": "https://www.google.com/maps/search/?api=1&query=Castell%C3%B3n+560%2C+Concepci%C3%B3n%2C+Chile",
    "dia_tenida": "",
    "hora_tenida": "",
    "mapa": ""
  },
  {
    "numero": 31,
    "nombre": "Renovación",
    "direccion": "Marcoleta 659",
    "ciudad": "Santiago",
    "jurisdiccion": "https://www.google.com/maps/search/?api=1&query=Marcoleta+659%2C+Santiago%2C+Chile",
    "dia_tenida": "",
    "hora_tenida": "",
    "mapa": ""
  },
  {
    "numero": 32,
    "nombre": "Luz y Trabajo",
    "direccion": "Pérez Rosales N°777",
    "ciudad": "Valdivia",
    "jurisdiccion": "https://www.google.com/maps/search/?api=1&query=P%C3%A9rez+Rosales+N%C2%B0777%2C+Valdivia%2C+Chile",
    "dia_tenida": "",
    "hora_tenida": "",
    "mapa": ""
  },
  {
    "numero": 33,
    "nombre": "Honor y Lealtad",
    "direccion": "Colo Colo 456",
    "ciudad": "Los Angeles",
    "jurisdiccion": "https://www.google.com/maps/search/?api=1&query=Colo+Colo+456%2C+Los+Angeles%2C+Chile",
    "dia_tenida": "",
    "hora_tenida": "",
    "mapa": ""
  },
  {
    "numero": 34,
    "nombre": "Discreción",
    "direccion": ".Independencia N°291",
    "ciudad": "Illapel",
    "jurisdiccion": "https://www.google.com/maps/search/?api=1&query=.Independencia+N%C2%B0291%2C+Illapel%2C+Chile",
    "dia_tenida": "",
    "hora_tenida": "",
    "mapa": ""
  },
  {
    "numero": 35,
    "nombre": "Cautín",
    "direccion": "Aldunate 530",
    "ciudad": "Temuco",
    "jurisdiccion": "https://www.google.com/maps/search/?api=1&query=Aldunate+530%2C+Temuco%2C+Chile",
    "dia_tenida": "",
    "hora_tenida": "",
    "mapa": ""
  },
  {
    "numero": 36,
    "nombre": "Patria y Libertad",
    "direccion": "Portus N°325",
    "ciudad": "San Felipe",
    "jurisdiccion": "https://www.google.com/maps/search/?api=1&query=Portus+N%C2%B0325%2C+San+Felipe%2C+Chile",
    "dia_tenida": "",
    "hora_tenida": "",
    "mapa": ""
  },
  {
    "numero": 37,
    "nombre": "Caupolicán",
    "direccion": "David Fuentes 179",
    "ciudad": "Talcahuano",
    "jurisdiccion": "https://www.google.com/maps/search/?api=1&query=David+Fuentes+179%2C+Talcahuano%2C+Chile",
    "dia_tenida": "",
    "hora_tenida": "",
    "mapa": ""
  },
  {
    "numero": 38,
    "nombre": "Independencia",
    "direccion": "Avda. Brasil N°1817",
    "ciudad": "Valparaíso",
    "jurisdiccion": "https://www.google.com/maps/search/?api=1&query=Avda.+Brasil+N%C2%B01817%2C+Valpara%C3%ADso%2C+Chile",
    "dia_tenida": "",
    "hora_tenida": "",
    "mapa": ""
  },
  {
    "numero": 39,
    "nombre": "Espíritu Libre",
    "direccion": "Uribe 633",
    "ciudad": "Antofagasta",
    "jurisdiccion": "https://www.google.com/maps/search/?api=1&query=Uribe+633%2C+Antofagasta%2C+Chile",
    "dia_tenida": "",
    "hora_tenida": "",
    "mapa": ""
  },
  {
    "numero": 40,
    "nombre": "Reforma",
    "direccion": "4 Sur 935 Casilla 213",
    "ciudad": "Talca",
    "jurisdiccion": "https://www.google.com/maps/search/?api=1&query=4+Sur+935+Casilla+213%2C+Talca%2C+Chile",
    "dia_tenida": "",
    "hora_tenida": "",
    "mapa": ""
  },
  {
    "numero": 41,
    "nombre": "Norte",
    "direccion": "Marcoleta 659",
    "ciudad": "Santiago",
    "jurisdiccion": "https://www.google.com/maps/search/?api=1&query=Marcoleta+659%2C+Santiago%2C+Chile",
    "dia_tenida": "",
    "hora_tenida": "",
    "mapa": ""
  },
  {
    "numero": 42,
    "nombre": "Acción Fraternal",
    "direccion": "Vicuña Mackenna Nº 759",
    "ciudad": "Ovalle",
    "jurisdiccion": "https://www.google.com/maps/search/?api=1&query=Vicu%C3%B1a+Mackenna+N%C2%BA+759+Casilla+197%2C+Chile",
    "dia_tenida": "",
    "hora_tenida": "",
    "mapa": ""
  },
  {
    "numero": 43,
    "nombre": "Luz y Perseverancia",
    "direccion": "Manuel Labra Lillo N°430",
    "ciudad": "Curicó",
    "jurisdiccion": "https://www.google.com/maps/search/?api=1&query=Manuel+Labra+Lillo+N%C2%B0430%2C+Curic%C3%B3%2C+Chile",
    "dia_tenida": "",
    "hora_tenida": "",
    "mapa": ""
  },
  {
    "numero": 44,
    "nombre": "Unión y Tolerancia",
    "direccion": "Eleuterio Ramírez 785",
    "ciudad": "La Unión",
    "jurisdiccion": "https://www.google.com/maps/search/?api=1&query=Eleuterio+Ram%C3%ADrez+785%2C+La+Uni%C3%B3n%2C+Chile",
    "dia_tenida": "",
    "hora_tenida": "",
    "mapa": ""
  },
  {
    "numero": 45,
    "nombre": "Solidaridad",
    "direccion": "Basilio Urrutia 1079",
    "ciudad": "Traiguén",
    "jurisdiccion": "https://www.google.com/maps/search/?api=1&query=Basilio+Urrutia+1079%2C+Traigu%C3%A9n%2C+Chile",
    "dia_tenida": "",
    "hora_tenida": "",
    "mapa": ""
  },
  {
    "numero": 46,
    "nombre": "Evolución",
    "direccion": "Manuel Antonio Matta 1116",
    "ciudad": "Osorno",
    "jurisdiccion": "https://www.google.com/maps/search/?api=1&query=Manuel+Antonio+Matta+1116%2C+Osorno%2C+Chile",
    "dia_tenida": "",
    "hora_tenida": "",
    "mapa": ""
  },
  {
    "numero": 47,
    "nombre": "Abtao",
    "direccion": ".Pedro Montt 100",
    "ciudad": "Coquimbo",
    "jurisdiccion": "https://www.google.com/maps/search/?api=1&query=.Pedro+Montt+100%2C+Coquimbo%2C+Chile",
    "dia_tenida": "",
    "hora_tenida": "",
    "mapa": ""
  },
  {
    "numero": 48,
    "nombre": "Abnegación",
    "direccion": "Viana N°553",
    "ciudad": "Viña del Mar",
    "jurisdiccion": "https://www.google.com/maps/search/?api=1&query=Viana+N%C2%B0553%2C+Vi%C3%B1a+del+Mar%2C+Chile",
    "dia_tenida": "",
    "hora_tenida": "",
    "mapa": ""
  },
  {
    "numero": 49,
    "nombre": "Pitágoras",
    "direccion": "AV. Blanco Encalada 890",
    "ciudad": "San Antonio",
    "jurisdiccion": "https://www.google.com/maps/search/?api=1&query=AV.+Blanco+Encalada+890%2C+San+Antonio%2C+Chile",
    "dia_tenida": "",
    "hora_tenida": "",
    "mapa": ""
  },
  {
    "numero": 50,
    "nombre": "La Montaña",
    "direccion": "Marcoleta 659",
    "ciudad": "Santiago",
    "jurisdiccion": "https://www.google.com/maps/search/?api=1&query=Marcoleta+659%2C+Santiago%2C+Chile",
    "dia_tenida": "",
    "hora_tenida": "",
    "mapa": ""
  },
  {
    "numero": 51,
    "nombre": "Iberia",
    "direccion": "Marcoleta 659",
    "ciudad": "Santiago",
    "jurisdiccion": "https://www.google.com/maps/search/?api=1&query=Marcoleta+659%2C+Santiago%2C+Chile",
    "dia_tenida": "",
    "hora_tenida": "",
    "mapa": ""
  },
  {
    "numero": 52,
    "nombre": "Hermes",
    "direccion": "Marcoleta 659",
    "ciudad": "Santiago",
    "jurisdiccion": "https://www.google.com/maps/search/?api=1&query=Marcoleta+659%2C+Santiago%2C+Chile",
    "dia_tenida": "",
    "hora_tenida": "",
    "mapa": ""
  },
  {
    "numero": 53,
    "nombre": "José Victorino Lastarria",
    "direccion": "Aníbal Pinto 1229",
    "ciudad": "Iquique",
    "jurisdiccion": "https://www.google.com/maps/search/?api=1&query=An%C3%ADbal+Pinto+1229%2C+Iquique%2C+Chile",
    "dia_tenida": "",
    "hora_tenida": "",
    "mapa": ""
  },
  {
    "numero": 54,
    "nombre": "Pokret",
    "direccion": "Uribe 633",
    "ciudad": "Antofagasta",
    "jurisdiccion": "https://www.google.com/maps/search/?api=1&query=Uribe+633%2C+Antofagasta%2C+Chile",
    "dia_tenida": "",
    "hora_tenida": "",
    "mapa": ""
  },
  {
    "numero": 55,
    "nombre": "Patria Chilena",
    "direccion": "Manuel Bunster 620",
    "ciudad": "Angol",
    "jurisdiccion": "https://www.google.com/maps/search/?api=1&query=Manuel+Bunster+620%2C+Angol%2C+Chile",
    "dia_tenida": "",
    "hora_tenida": "",
    "mapa": ""
  },
  {
    "numero": 56,
    "nombre": "Jorge Washington",
    "direccion": "Almarza N°356",
    "ciudad": "Rancagua",
    "jurisdiccion": "https://www.google.com/maps/search/?api=1&query=Almarza+N%C2%B0356%2C+Rancagua%2C+Chile",
    "dia_tenida": "",
    "hora_tenida": "",
    "mapa": ""
  },
  {
    "numero": 57,
    "nombre": "Tarapacá",
    "direccion": "Anibal Pinto 1229",
    "ciudad": "Iquique",
    "jurisdiccion": "https://www.google.com/maps/search/?api=1&query=Anibal+Pinto+1229%2C+Iquique%2C+Chile",
    "dia_tenida": "",
    "hora_tenida": "",
    "mapa": ""
  },
  {
    "numero": 58,
    "nombre": "Lautaro",
    "direccion": "David Fuentes N°179",
    "ciudad": "Talcahuano",
    "jurisdiccion": "https://www.google.com/maps/search/?api=1&query=David+Fuentes+N%C2%B0179%2C+Talcahuano%2C+Chile",
    "dia_tenida": "",
    "hora_tenida": "",
    "mapa": ""
  },
  {
    "numero": 59,
    "nombre": "Labor y Constancia",
    "direccion": "Gabriela Mistral 792",
    "ciudad": "Vicuña",
    "jurisdiccion": "https://www.google.com/maps/search/?api=1&query=Gabriela+Mistral+792%2C+Vicu%C3%B1a%2C+Chile",
    "dia_tenida": "",
    "hora_tenida": "",
    "mapa": ""
  },
  {
    "numero": 60,
    "nombre": "Sinceridad",
    "direccion": "Marcoleta 659",
    "ciudad": "Santiago",
    "jurisdiccion": "https://www.google.com/maps/search/?api=1&query=Marcoleta+659%2C+Santiago%2C+Chile",
    "dia_tenida": "",
    "hora_tenida": "",
    "mapa": ""
  },
  {
    "numero": 61,
    "nombre": "Luz Austral",
    "direccion": "Aurelio Andrade S/N°",
    "ciudad": "Puerto Montt",
    "jurisdiccion": "https://www.google.com/maps/search/?api=1&query=Aurelio+Andrade+S%2FN%C2%B0%2C+Puerto+Montt%2C+Chile",
    "dia_tenida": "",
    "hora_tenida": "",
    "mapa": ""
  },
  {
    "numero": 62,
    "nombre": "Ariel",
    "direccion": "Manuel Rodríguez N°544",
    "ciudad": "Los Andes",
    "jurisdiccion": "https://www.google.com/maps/search/?api=1&query=Manuel+Rodr%C3%ADguez+N%C2%B0544%2C+Los+Andes%2C+Chile",
    "dia_tenida": "",
    "hora_tenida": "",
    "mapa": ""
  },
  {
    "numero": 63,
    "nombre": "Razón",
    "direccion": "Curapalihue N°448",
    "ciudad": "Linares",
    "jurisdiccion": "https://www.google.com/maps/search/?api=1&query=Curapalihue+N%C2%B0448%2C+Linares%2C+Chile",
    "dia_tenida": "",
    "hora_tenida": "",
    "mapa": ""
  },
  {
    "numero": 64,
    "nombre": "Nueva Luz",
    "direccion": "Aldunate 530",
    "ciudad": "Temuco",
    "jurisdiccion": "https://www.google.com/maps/search/?api=1&query=Aldunate+530%2C+Temuco%2C+Chile",
    "dia_tenida": "",
    "hora_tenida": "",
    "mapa": ""
  },
  {
    "numero": 65,
    "nombre": "Hiram",
    "direccion": "Marcoleta Nº 659",
    "ciudad": "Santiago",
    "jurisdiccion": "https://www.google.com/maps/search/?api=1&query=Marcoleta+N%C2%BA+659%2C+Santiago%2C+Chile",
    "dia_tenida": "",
    "hora_tenida": "",
    "mapa": ""
  },
  {
    "numero": 66,
    "nombre": "Acción",
    "direccion": "Castellón 560",
    "ciudad": "Concepción",
    "jurisdiccion": "https://www.google.com/maps/search/?api=1&query=Castell%C3%B3n+560%2C+Concepci%C3%B3n%2C+Chile",
    "dia_tenida": "",
    "hora_tenida": "",
    "mapa": ""
  },
  {
    "numero": 67,
    "nombre": "Atenea",
    "direccion": "Marcoleta 659",
    "ciudad": "Santiago",
    "jurisdiccion": "https://www.google.com/maps/search/?api=1&query=Marcoleta+659%2C+Santiago%2C+Chile",
    "dia_tenida": "",
    "hora_tenida": "",
    "mapa": ""
  },
  {
    "numero": 68,
    "nombre": "Straits of Magellan",
    "direccion": "Avda. Colón N°956",
    "ciudad": "Punta Arenas",
    "jurisdiccion": "https://www.google.com/maps/search/?api=1&query=Avda.+Col%C3%B3n+N%C2%B0956%2C+Punta+Arenas%2C+Chile",
    "dia_tenida": "",
    "hora_tenida": "",
    "mapa": ""
  },
  {
    "numero": 69,
    "nombre": "República",
    "direccion": "Dieciocho 615",
    "ciudad": "Parral",
    "jurisdiccion": "https://www.google.com/maps/search/?api=1&query=Dieciocho+615%2C+Parral%2C+Chile",
    "dia_tenida": "",
    "hora_tenida": "",
    "mapa": ""
  },
  {
    "numero": 70,
    "nombre": "Eduardo de la Barra",
    "direccion": "Freire N°386",
    "ciudad": "Quillota",
    "jurisdiccion": "https://www.google.com/maps/search/?api=1&query=Freire+N%C2%B0386%2C+Quillota%2C+Chile",
    "dia_tenida": "",
    "hora_tenida": "",
    "mapa": ""
  },
  {
    "numero": 71,
    "nombre": "Amanecer",
    "direccion": "Av. Brasil N°1819",
    "ciudad": "Valparaíso",
    "jurisdiccion": "https://www.google.com/maps/search/?api=1&query=Av.+Brasil+N%C2%B01819%2C+Valpara%C3%ADso%2C+Chile",
    "dia_tenida": "",
    "hora_tenida": "",
    "mapa": ""
  },
  {
    "numero": 72,
    "nombre": "Redención",
    "direccion": "Marcoleta 659",
    "ciudad": "Santiago",
    "jurisdiccion": "https://www.google.com/maps/search/?api=1&query=Marcoleta+659%2C+Santiago%2C+Chile",
    "dia_tenida": "",
    "hora_tenida": "",
    "mapa": ""
  },
  {
    "numero": 73,
    "nombre": "Mariluán",
    "direccion": "Urrutia 660 Casilla 73",
    "ciudad": "Victoria",
    "jurisdiccion": "https://www.google.com/maps/search/?api=1&query=Urrutia+660+Casilla+73%2C+Victoria%2C+Chile",
    "dia_tenida": "",
    "hora_tenida": "",
    "mapa": ""
  },
  {
    "numero": 74,
    "nombre": "Luz de Oriente",
    "direccion": "Marcoleta 659",
    "ciudad": "Santiago",
    "jurisdiccion": "https://www.google.com/maps/search/?api=1&query=Marcoleta+659%2C+Santiago%2C+Chile",
    "dia_tenida": "",
    "hora_tenida": "",
    "mapa": ""
  },
  {
    "numero": 75,
    "nombre": "Valentín Letelier",
    "direccion": "San Francisco 535",
    "ciudad": "Cauquenes",
    "jurisdiccion": "https://www.google.com/maps/search/?api=1&query=San+Francisco+535%2C+Cauquenes%2C+Chile",
    "dia_tenida": "",
    "hora_tenida": "",
    "mapa": ""
  },
  {
    "numero": 76,
    "nombre": "Armonía",
    "direccion": "Marcoleta 659",
    "ciudad": "Santiago",
    "jurisdiccion": "https://www.google.com/maps/search/?api=1&query=Marcoleta+659%2C+Santiago%2C+Chile",
    "dia_tenida": "",
    "hora_tenida": "",
    "mapa": ""
  },
  {
    "numero": 77,
    "nombre": "L´Étoile du Pacifique",
    "direccion": "Marcoleta 659",
    "ciudad": "Santiago",
    "jurisdiccion": "https://www.google.com/maps/search/?api=1&query=Marcoleta+659%2C+Santiago%2C+Chile",
    "dia_tenida": "",
    "hora_tenida": "",
    "mapa": ""
  },
  {
    "numero": 78,
    "nombre": "Estrella Insular",
    "direccion": "Pasaje La Coruña N°370",
    "ciudad": "Ancud",
    "jurisdiccion": "https://www.google.com/maps/search/?api=1&query=Pasaje+La+Coru%C3%B1a+N%C2%B0370%2C+Ancud%2C+Chile",
    "dia_tenida": "",
    "hora_tenida": "",
    "mapa": ""
  },
  {
    "numero": 79,
    "nombre": "Bernardo O´Higgins",
    "direccion": "Exequiel Fernández N°120",
    "ciudad": "Ñuñoa",
    "jurisdiccion": "https://www.google.com/maps/search/?api=1&query=Exequiel+Fern%C3%A1ndez+N%C2%B0120%2C+%C3%91u%C3%B1oa%2C+Chile",
    "dia_tenida": "",
    "hora_tenida": "",
    "mapa": ""
  },
  {
    "numero": 80,
    "nombre": "David Stitchkin Branover",
    "direccion": "Castellón 560",
    "ciudad": "Concepcion",
    "jurisdiccion": "https://www.google.com/maps/search/?api=1&query=Castell%C3%B3n+560%2C+Concepcion%2C+Chile",
    "dia_tenida": "",
    "hora_tenida": "",
    "mapa": ""
  },
  {
    "numero": 81,
    "nombre": "Germinación",
    "direccion": "Marcoleta 659",
    "ciudad": "Santiago",
    "jurisdiccion": "https://www.google.com/maps/search/?api=1&query=Marcoleta+659%2C+Santiago%2C+Chile",
    "dia_tenida": "",
    "hora_tenida": "",
    "mapa": ""
  },
  {
    "numero": 82,
    "nombre": "Marina",
    "direccion": "Av. Brasil N°1817",
    "ciudad": "Valparaíso",
    "jurisdiccion": "https://www.google.com/maps/search/?api=1&query=Av.+Brasil+N%C2%B01817%2C+Valpara%C3%ADso%2C+Chile",
    "dia_tenida": "",
    "hora_tenida": "",
    "mapa": ""
  },
  {
    "numero": 83,
    "nombre": "Diego Barros Arana",
    "direccion": "Sotomayor 645",
    "ciudad": "Tomé",
    "jurisdiccion": "https://www.google.com/maps/search/?api=1&query=Sotomayor+645%2C+Tom%C3%A9%2C+Chile",
    "dia_tenida": "",
    "hora_tenida": "",
    "mapa": ""
  },
  {
    "numero": 84,
    "nombre": "Manuel Blanco Encalada",
    "direccion": "Marcoleta 659",
    "ciudad": "Santiago",
    "jurisdiccion": "https://www.google.com/maps/search/?api=1&query=Marcoleta+659%2C+Santiago%2C+Chile",
    "dia_tenida": "",
    "hora_tenida": "",
    "mapa": ""
  },
  {
    "numero": 85,
    "nombre": "Unión y Esfuerzo",
    "direccion": "Av. Leonardo Guzmán N°900",
    "ciudad": "Tocopilla",
    "jurisdiccion": "https://www.google.com/maps/search/?api=1&query=Av.+Leonardo+Guzm%C3%A1n+N%C2%B0900%2C+Tocopilla%2C+Chile",
    "dia_tenida": "",
    "hora_tenida": "",
    "mapa": ""
  },
  {
    "numero": 86,
    "nombre": "America",
    "direccion": "Marcoleta 659",
    "ciudad": "Santiago",
    "jurisdiccion": "https://www.google.com/maps/search/?api=1&query=Marcoleta+659%2C+Santiago%2C+Chile",
    "dia_tenida": "",
    "hora_tenida": "",
    "mapa": ""
  },
  {
    "numero": 87,
    "nombre": "Aurora Polar",
    "direccion": "Avda. Colón 950",
    "ciudad": "Punta Arenas",
    "jurisdiccion": "https://www.google.com/maps/search/?api=1&query=Avda.+Col%C3%B3n+950%2C+Punta+Arenas%2C+Chile",
    "dia_tenida": "",
    "hora_tenida": "",
    "mapa": ""
  },
  {
    "numero": 88,
    "nombre": "Igualdad",
    "direccion": "Prat 1688",
    "ciudad": "Vallenar",
    "jurisdiccion": "https://www.google.com/maps/search/?api=1&query=Prat+1688%2C+Vallenar%2C+Chile",
    "dia_tenida": "",
    "hora_tenida": "",
    "mapa": ""
  },
  {
    "numero": 89,
    "nombre": "Atlantes",
    "direccion": "La Concepción N°155",
    "ciudad": "Quillota",
    "jurisdiccion": "https://www.google.com/maps/search/?api=1&query=La+Concepci%C3%B3n+N%C2%B0155%2C+Quillota%2C+Chile",
    "dia_tenida": "",
    "hora_tenida": "",
    "mapa": ""
  },
  {
    "numero": 90,
    "nombre": "José de san Martín",
    "direccion": "Bravo 965",
    "ciudad": "Providencia",
    "jurisdiccion": "https://www.google.com/maps/search/?api=1&query=Bravo+965%2C+Providencia%2C+Chile",
    "dia_tenida": "",
    "hora_tenida": "",
    "mapa": ""
  },
  {
    "numero": 91,
    "nombre": "Goethe",
    "direccion": "Castellon 560, Concepción",
    "ciudad": "Concepción",
    "jurisdiccion": "https://www.google.com/maps/search/?api=1&query=Castellon+560%2C+Concepci%C3%B3n%2C+Concepci%C3%B3n%2C+Chile",
    "dia_tenida": "",
    "hora_tenida": "",
    "mapa": ""
  },
  {
    "numero": 92,
    "nombre": "Drei Ringe",
    "direccion": "Marcoleta 659",
    "ciudad": "Santiago",
    "jurisdiccion": "https://www.google.com/maps/search/?api=1&query=Marcoleta+659%2C+Santiago%2C+Chile",
    "dia_tenida": "",
    "hora_tenida": "",
    "mapa": ""
  },
  {
    "numero": 93,
    "nombre": "Francisco Miranda",
    "direccion": "Martiniano Urriola N°405",
    "ciudad": "Rengo",
    "jurisdiccion": "https://www.google.com/maps/search/?api=1&query=Martiniano+Urriola+N%C2%B0405%2C+Rengo%2C+Chile",
    "dia_tenida": "",
    "hora_tenida": "",
    "mapa": ""
  },
  {
    "numero": 94,
    "nombre": "Alborada",
    "direccion": "Decher 992",
    "ciudad": "Puerto Varas",
    "jurisdiccion": "https://www.google.com/maps/search/?api=1&query=Decher+992%2C+Puerto+Varas%2C+Chile",
    "dia_tenida": "",
    "hora_tenida": "",
    "mapa": ""
  },
  {
    "numero": 95,
    "nombre": "Lessing",
    "direccion": "Wagner N°179 - Casilla 3552",
    "ciudad": "Valparaíso",
    "jurisdiccion": "https://www.google.com/maps/search/?api=1&query=Wagner+N%C2%B0179+-+Casilla+3552%2C+Valpara%C3%ADso%2C+Chile",
    "dia_tenida": "",
    "hora_tenida": "",
    "mapa": ""
  },
  {
    "numero": 96,
    "nombre": "Volcán del Maipo",
    "direccion": "José Luis Coo 0312",
    "ciudad": "Puente Alto",
    "jurisdiccion": "https://www.google.com/maps/search/?api=1&query=Jos%C3%A9+Luis+Coo+0312%2C+Puente+Alto%2C+Chile",
    "dia_tenida": "",
    "hora_tenida": "",
    "mapa": ""
  },
  {
    "numero": 97,
    "nombre": "Avance Victoria",
    "direccion": "Manuel Montt 353",
    "ciudad": "Buin",
    "jurisdiccion": "https://www.google.com/maps/search/?api=1&query=Manuel+Montt+353%2C+Buin%2C+Chile",
    "dia_tenida": "",
    "hora_tenida": "",
    "mapa": ""
  },
  {
    "numero": 98,
    "nombre": "Plus Ultra",
    "direccion": "Marcoleta 653",
    "ciudad": "Santiago",
    "jurisdiccion": "https://www.google.com/maps/search/?api=1&query=Marcoleta+653%2C+Santiago%2C+Chile",
    "dia_tenida": "",
    "hora_tenida": "",
    "mapa": ""
  },
  {
    "numero": 99,
    "nombre": "Frankin Délano Roosevelt",
    "direccion": ".Colón N°130",
    "ciudad": "Limache",
    "jurisdiccion": "https://www.google.com/maps/search/?api=1&query=.Col%C3%B3n+N%C2%B0130%2C+Limache%2C+Chile",
    "dia_tenida": "",
    "hora_tenida": "",
    "mapa": ""
  },
  {
    "numero": 100,
    "nombre": "Derechos Humanos",
    "direccion": "Marcoleta 659",
    "ciudad": "Santiago",
    "jurisdiccion": "https://www.google.com/maps/search/?api=1&query=Marcoleta+659%2C+Santiago%2C+Chile",
    "dia_tenida": "",
    "hora_tenida": "",
    "mapa": ""
  },
  {
    "numero": 101,
    "nombre": "Prometeo",
    "direccion": "Marcoleta 659",
    "ciudad": "Santiago",
    "jurisdiccion": "https://www.google.com/maps/search/?api=1&query=Marcoleta+659%2C+Santiago%2C+Chile",
    "dia_tenida": "",
    "hora_tenida": "",
    "mapa": ""
  },
  {
    "numero": 102,
    "nombre": "Aconcagua",
    "direccion": ".Caupolicán N°773 Casilla 99",
    "ciudad": "La Calera",
    "jurisdiccion": "https://www.google.com/maps/search/?api=1&query=.Caupolic%C3%A1n+N%C2%B0773+Casilla+99%2C+La+Calera%2C+Chile",
    "dia_tenida": "",
    "hora_tenida": "",
    "mapa": ""
  },
  {
    "numero": 103,
    "nombre": "Reflexión",
    "direccion": "Manuel A. Matta 1116",
    "ciudad": "Osorno",
    "jurisdiccion": "https://www.google.com/maps/search/?api=1&query=Manuel+A.+Matta+1116%2C+Osorno%2C+Chile",
    "dia_tenida": "",
    "hora_tenida": "",
    "mapa": ""
  },
  {
    "numero": 104,
    "nombre": "Nahuelbuta",
    "direccion": "Chorrillos 50 Casilla 104",
    "ciudad": "Lebu",
    "jurisdiccion": "https://www.google.com/maps/search/?api=1&query=Chorrillos+50+Casilla+104%2C+Lebu%2C+Chile",
    "dia_tenida": "",
    "hora_tenida": "",
    "mapa": ""
  },
  {
    "numero": 105,
    "nombre": "José Francisco Vergara",
    "direccion": "Viana 553",
    "ciudad": "Viña del Mar",
    "jurisdiccion": "https://www.google.com/maps/search/?api=1&query=Viana+553%2C+Vi%C3%B1a+del+Mar%2C+Chile",
    "dia_tenida": "",
    "hora_tenida": "",
    "mapa": ""
  },
  {
    "numero": 106,
    "nombre": "Abraham Lincoln",
    "direccion": "Exequiel Fernández N°2701",
    "ciudad": "Macul",
    "jurisdiccion": "https://www.google.com/maps/search/?api=1&query=Exequiel+Fern%C3%A1ndez+N%C2%B02701%2C+Macul%2C+Chile",
    "dia_tenida": "",
    "hora_tenida": "",
    "mapa": ""
  },
  {
    "numero": 107,
    "nombre": "Acacia",
    "direccion": "Rosas 456",
    "ciudad": "Chillán",
    "jurisdiccion": "https://www.google.com/maps/search/?api=1&query=Rosas+456%2C+Chill%C3%A1n%2C+Chile",
    "dia_tenida": "",
    "hora_tenida": "",
    "mapa": ""
  },
  {
    "numero": 108,
    "nombre": "Valdivia",
    "direccion": "Pérez Rosales 777",
    "ciudad": "Valdivia",
    "jurisdiccion": "https://www.google.com/maps/search/?api=1&query=P%C3%A9rez+Rosales+777%2C+Valdivia%2C+Chile",
    "dia_tenida": "",
    "hora_tenida": "",
    "mapa": ""
  },
  {
    "numero": 109,
    "nombre": "Juan de Dios Arlegui",
    "direccion": "Viana N°553",
    "ciudad": "Viña del Mar",
    "jurisdiccion": "https://www.google.com/maps/search/?api=1&query=Viana+N%C2%B0553%2C+Vi%C3%B1a+del+Mar%2C+Chile",
    "dia_tenida": "",
    "hora_tenida": "",
    "mapa": ""
  },
  {
    "numero": 110,
    "nombre": "Helios",
    "direccion": ".Los Carrera N°1212",
    "ciudad": "Quilpué",
    "jurisdiccion": "https://www.google.com/maps/search/?api=1&query=.Los+Carrera+N%C2%B01212%2C+Quilpu%C3%A9%2C+Chile",
    "dia_tenida": "",
    "hora_tenida": "",
    "mapa": ""
  },
  {
    "numero": 111,
    "nombre": "Río Loa",
    "direccion": "Avda. Bernardo O'Higgins 824 Casilla 59",
    "ciudad": "Calama",
    "jurisdiccion": "https://www.google.com/maps/search/?api=1&query=Avda.+Bernardo+O%27Higgins+824+Casilla+59%2C+Calama%2C+Chile",
    "dia_tenida": "",
    "hora_tenida": "",
    "mapa": ""
  },
  {
    "numero": 112,
    "nombre": "Humanidad",
    "direccion": "Marcoleta 659",
    "ciudad": "Santiago",
    "jurisdiccion": "https://www.google.com/maps/search/?api=1&query=Marcoleta+659%2C+Santiago%2C+Chile",
    "dia_tenida": "",
    "hora_tenida": "",
    "mapa": ""
  },
  {
    "numero": 113,
    "nombre": "Perfección",
    "direccion": "Colo Colo 456",
    "ciudad": "Los Angeles",
    "jurisdiccion": "https://www.google.com/maps/search/?api=1&query=Colo+Colo+456%2C+Los+Angeles%2C+Chile",
    "dia_tenida": "",
    "hora_tenida": "",
    "mapa": ""
  },
  {
    "numero": 114,
    "nombre": "Humboldt",
    "direccion": "Manuel Antonio Matta 1116 Casilla 814",
    "ciudad": "Osorno",
    "jurisdiccion": "https://www.google.com/maps/search/?api=1&query=Manuel+Antonio+Matta+1116+Casilla+814%2C+Osorno%2C+Chile",
    "dia_tenida": "",
    "hora_tenida": "",
    "mapa": ""
  },
  {
    "numero": 115,
    "nombre": "Concepción",
    "direccion": "Castellón 590",
    "ciudad": "Concepción",
    "jurisdiccion": "https://www.google.com/maps/search/?api=1&query=Castell%C3%B3n+590%2C+Concepci%C3%B3n%2C+Chile",
    "dia_tenida": "",
    "hora_tenida": "",
    "mapa": ""
  },
  {
    "numero": 116,
    "nombre": "Payne",
    "direccion": "Barros Arana 257",
    "ciudad": "Puerto Natales",
    "jurisdiccion": "https://www.google.com/maps/search/?api=1&query=Barros+Arana+257%2C+Puerto+Natales%2C+Chile",
    "dia_tenida": "",
    "hora_tenida": "",
    "mapa": ""
  },
  {
    "numero": 117,
    "nombre": "Constitución",
    "direccion": "Portales 287",
    "ciudad": "Constitución",
    "jurisdiccion": "https://www.google.com/maps/search/?api=1&query=Portales+287%2C+Constituci%C3%B3n%2C+Chile",
    "dia_tenida": "",
    "hora_tenida": "",
    "mapa": ""
  },
  {
    "numero": 118,
    "nombre": "Perseverancia",
    "direccion": "Almirante Simpson 383",
    "ciudad": "Coyhaique",
    "jurisdiccion": "https://www.google.com/maps/search/?api=1&query=Almirante+Simpson+383%2C+Coyhaique%2C+Chile",
    "dia_tenida": "",
    "hora_tenida": "",
    "mapa": ""
  },
  {
    "numero": 119,
    "nombre": "Pentalpha",
    "direccion": "Marcoleta 659 of 502 Casilla 2867",
    "ciudad": "Santiago",
    "jurisdiccion": "https://www.google.com/maps/search/?api=1&query=Marcoleta+659+of+502+Casilla+2867%2C+Santiago%2C+Chile",
    "dia_tenida": "",
    "hora_tenida": "",
    "mapa": ""
  },
  {
    "numero": 120,
    "nombre": "Chiloé",
    "direccion": "Serrano 370",
    "ciudad": "Castro",
    "jurisdiccion": "https://www.google.com/maps/search/?api=1&query=Serrano+370%2C+Castro%2C+Chile",
    "dia_tenida": "",
    "hora_tenida": "",
    "mapa": ""
  },
  {
    "numero": 121,
    "nombre": "Manuel de Lima",
    "direccion": "Aldunate 530 Casilla 360",
    "ciudad": "Temuco",
    "jurisdiccion": "https://www.google.com/maps/search/?api=1&query=Aldunate+530+Casilla+360%2C+Temuco%2C+Chile",
    "dia_tenida": "",
    "hora_tenida": "",
    "mapa": ""
  },
  {
    "numero": 122,
    "nombre": "Adeodato Garcia Valenzuela",
    "direccion": "Rafael Casanova N°969",
    "ciudad": "Santa Cruz",
    "jurisdiccion": "https://www.google.com/maps/search/?api=1&query=Rafael+Casanova+N%C2%B0969%2C+Santa+Cruz%2C+Chile",
    "dia_tenida": "",
    "hora_tenida": "",
    "mapa": ""
  },
  {
    "numero": 123,
    "nombre": "David Benavente",
    "direccion": "Francisco Bilbao 236",
    "ciudad": "San Carlos",
    "jurisdiccion": "https://www.google.com/maps/search/?api=1&query=Francisco+Bilbao+236%2C+San+Carlos%2C+Chile",
    "dia_tenida": "",
    "hora_tenida": "",
    "mapa": ""
  },
  {
    "numero": 124,
    "nombre": "Luis A. Navarrete y López",
    "direccion": ".Av. Valparaiso 1758 Casilla 31",
    "ciudad": "V. Alemana",
    "jurisdiccion": "https://www.google.com/maps/search/?api=1&query=.Av.+Valparaiso+1758+Casilla+31%2C+V.+Alemana%2C+Chile",
    "dia_tenida": "",
    "hora_tenida": "",
    "mapa": ""
  },
  {
    "numero": 125,
    "nombre": "Mosaico",
    "direccion": "Marcoleta 659",
    "ciudad": "Santiago",
    "jurisdiccion": "https://www.google.com/maps/search/?api=1&query=Marcoleta+659%2C+Santiago%2C+Chile",
    "dia_tenida": "",
    "hora_tenida": "",
    "mapa": ""
  },
  {
    "numero": 126,
    "nombre": "Aristoteles Berlendis",
    "direccion": "Gambetta 984",
    "ciudad": "San Miguel",
    "jurisdiccion": "https://www.google.com/maps/search/?api=1&query=Gambetta+984%2C+San+Miguel%2C+Chile",
    "dia_tenida": "",
    "hora_tenida": "",
    "mapa": ""
  },
  {
    "numero": 127,
    "nombre": "Altas Cumbres",
    "direccion": "Linch Norte 650",
    "ciudad": "La Reina",
    "jurisdiccion": "https://www.google.com/maps/search/?api=1&query=Linch+Norte+650%2C+La+Reina%2C+Chile",
    "dia_tenida": "",
    "hora_tenida": "",
    "mapa": ""
  },
  {
    "numero": 128,
    "nombre": "Fragua",
    "direccion": "Linch Norte 650",
    "ciudad": "La Reina",
    "jurisdiccion": "https://www.google.com/maps/search/?api=1&query=Linch+Norte+650%2C+La+Reina%2C+Chile",
    "dia_tenida": "",
    "hora_tenida": "",
    "mapa": ""
  },
  {
    "numero": 129,
    "nombre": "Fraternidad Copiapó",
    "direccion": "Sevilla 1283",
    "ciudad": "Santiago",
    "jurisdiccion": "https://www.google.com/maps/search/?api=1&query=Sevilla+1283%2C+Santiago%2C+Chile",
    "dia_tenida": "",
    "hora_tenida": "",
    "mapa": ""
  },
  {
    "numero": 130,
    "nombre": "La Cantera",
    "direccion": "José Manuel Infante Nº632",
    "ciudad": "Lo Barnechea",
    "jurisdiccion": "https://www.google.com/maps/search/?api=1&query=Jos%C3%A9+Manuel+Infante+N%C2%BA632%2C+Lo+Barnechea%2C+Chile",
    "dia_tenida": "",
    "hora_tenida": "",
    "mapa": ""
  },
  {
    "numero": 131,
    "nombre": "Araucaria",
    "direccion": "Yungay 260",
    "ciudad": "Curacautín",
    "jurisdiccion": "https://www.google.com/maps/search/?api=1&query=Yungay+260%2C+Curacaut%C3%ADn%2C+Chile",
    "dia_tenida": "",
    "hora_tenida": "",
    "mapa": ""
  },
  {
    "numero": 132,
    "nombre": "Hermógenes del Canto Aguirre",
    "direccion": "Vicente Pérez Rosales 777",
    "ciudad": "Valdivia",
    "jurisdiccion": "https://www.google.com/maps/search/?api=1&query=Vicente+P%C3%A9rez+Rosales+777%2C+Valdivia%2C+Chile",
    "dia_tenida": "",
    "hora_tenida": "",
    "mapa": ""
  },
  {
    "numero": 133,
    "nombre": "Rancagua",
    "direccion": "Almarza N°356",
    "ciudad": "Rancagua",
    "jurisdiccion": "https://www.google.com/maps/search/?api=1&query=Almarza+N%C2%B0356%2C+Rancagua%2C+Chile",
    "dia_tenida": "",
    "hora_tenida": "",
    "mapa": ""
  },
  {
    "numero": 134,
    "nombre": "Hélade",
    "direccion": "Marcoleta 659",
    "ciudad": "Santiago",
    "jurisdiccion": "https://www.google.com/maps/search/?api=1&query=Marcoleta+659%2C+Santiago%2C+Chile",
    "dia_tenida": "",
    "hora_tenida": "",
    "mapa": ""
  },
  {
    "numero": 135,
    "nombre": "Miguel Grau Seminario",
    "direccion": "Los Olmos 2993",
    "ciudad": "Macul",
    "jurisdiccion": "https://www.google.com/maps/search/?api=1&query=Los+Olmos+2993%2C+Macul%2C+Chile",
    "dia_tenida": "",
    "hora_tenida": "",
    "mapa": ""
  },
  {
    "numero": 136,
    "nombre": "Nuevo Horizonte",
    "direccion": ".Huerfanos 3076",
    "ciudad": "Santiago",
    "jurisdiccion": "https://www.google.com/maps/search/?api=1&query=.Huerfanos+3076%2C+Santiago%2C+Chile",
    "dia_tenida": "",
    "hora_tenida": "",
    "mapa": ""
  },
  {
    "numero": 137,
    "nombre": "Pensamiento y Acción",
    "direccion": "Marcoleta 659",
    "ciudad": "Santiago",
    "jurisdiccion": "https://www.google.com/maps/search/?api=1&query=Marcoleta+659%2C+Santiago%2C+Chile",
    "dia_tenida": "",
    "hora_tenida": "",
    "mapa": ""
  },
  {
    "numero": 138,
    "nombre": "Pedro Lagos Marchant",
    "direccion": "Rosas 456",
    "ciudad": "Chillán",
    "jurisdiccion": "https://www.google.com/maps/search/?api=1&query=Rosas+456%2C+Chill%C3%A1n%2C+Chile",
    "dia_tenida": "",
    "hora_tenida": "",
    "mapa": ""
  },
  {
    "numero": 139,
    "nombre": "Rociel Irigoin Oyarzun",
    "direccion": "Intendente Aurelio Andrade S/N° Casilla 439",
    "ciudad": "Puerto Montt",
    "jurisdiccion": "https://www.google.com/maps/search/?api=1&query=Intendente+Aurelio+Andrade+S%2FN%C2%B0+Casilla+439%2C+Puerto+Montt%2C+Chile",
    "dia_tenida": "",
    "hora_tenida": "",
    "mapa": ""
  },
  {
    "numero": 140,
    "nombre": "Abrazo Fraternal",
    "direccion": "Aída 753",
    "ciudad": "Maipú",
    "jurisdiccion": "https://www.google.com/maps/search/?api=1&query=A%C3%ADda+753%2C+Maip%C3%BA%2C+Chile",
    "dia_tenida": "",
    "hora_tenida": "",
    "mapa": ""
  },
  {
    "numero": 141,
    "nombre": "Constructores",
    "direccion": "Marcoleta 659",
    "ciudad": "Santiago",
    "jurisdiccion": "https://www.google.com/maps/search/?api=1&query=Marcoleta+659%2C+Santiago%2C+Chile",
    "dia_tenida": "",
    "hora_tenida": "",
    "mapa": ""
  },
  {
    "numero": 142,
    "nombre": "Thomás Jefferson",
    "direccion": ".Curapalihue 444 Casilla 402",
    "ciudad": "Linares",
    "jurisdiccion": "https://www.google.com/maps/search/?api=1&query=.Curapalihue+444+Casilla+402%2C+Linares%2C+Chile",
    "dia_tenida": "",
    "hora_tenida": "",
    "mapa": ""
  },
  {
    "numero": 143,
    "nombre": "Sótero del Rio Gundian",
    "direccion": "Juan de Pineda 7545",
    "ciudad": "La Florida",
    "jurisdiccion": "https://www.google.com/maps/search/?api=1&query=Juan+de+Pineda+7545%2C+La+Florida%2C+Chile",
    "dia_tenida": "",
    "hora_tenida": "",
    "mapa": ""
  },
  {
    "numero": 144,
    "nombre": "Justicia Y Tolerancia",
    "direccion": "Los Carreras 595 Casilla 165",
    "ciudad": "La Serena",
    "jurisdiccion": "https://www.google.com/maps/search/?api=1&query=Los+Carreras+595+Casilla+165%2C+La+Serena%2C+Chile",
    "dia_tenida": "",
    "hora_tenida": "",
    "mapa": ""
  },
  {
    "numero": 145,
    "nombre": "Estrella de Chile",
    "direccion": "Marcoleta 659",
    "ciudad": "Santiago",
    "jurisdiccion": "https://www.google.com/maps/search/?api=1&query=Marcoleta+659%2C+Santiago%2C+Chile",
    "dia_tenida": "",
    "hora_tenida": "",
    "mapa": ""
  },
  {
    "numero": 146,
    "nombre": "Orestes Frödden Lorenzen",
    "direccion": "Av. Peñaflor Parc. Las Perdices del Rosario Pc. 3",
    "ciudad": "Talagante",
    "jurisdiccion": "https://www.google.com/maps/search/?api=1&query=Av.+Pe%C3%B1aflor+Parc.+Las+Perdices+del+Rosario+Pc.+3%2C+Talagante%2C+Chile",
    "dia_tenida": "",
    "hora_tenida": "",
    "mapa": ""
  },
  {
    "numero": 147,
    "nombre": "Darío Salas Díaz",
    "direccion": "Marcoleta 659",
    "ciudad": "Santiago",
    "jurisdiccion": "https://www.google.com/maps/search/?api=1&query=Marcoleta+659%2C+Santiago%2C+Chile",
    "dia_tenida": "",
    "hora_tenida": "",
    "mapa": ""
  },
  {
    "numero": 148,
    "nombre": "Manuel Magallanes Moure",
    "direccion": "Avda. America 661",
    "ciudad": "San Bernardo",
    "jurisdiccion": "https://www.google.com/maps/search/?api=1&query=Avda.+America+661%2C+San+Bernardo%2C+Chile",
    "dia_tenida": "",
    "hora_tenida": "",
    "mapa": ""
  },
  {
    "numero": 149,
    "nombre": "Fraternidad y Paz",
    "direccion": "Marcoleta 659",
    "ciudad": "Santiago",
    "jurisdiccion": "https://www.google.com/maps/search/?api=1&query=Marcoleta+659%2C+Santiago%2C+Chile",
    "dia_tenida": "",
    "hora_tenida": "",
    "mapa": ""
  },
  {
    "numero": 150,
    "nombre": "Estrella Solitaria",
    "direccion": "Marcoleta 659",
    "ciudad": "Santiago",
    "jurisdiccion": "https://www.google.com/maps/search/?api=1&query=Marcoleta+659%2C+Santiago%2C+Chile",
    "dia_tenida": "",
    "hora_tenida": "",
    "mapa": ""
  },
  {
    "numero": 151,
    "nombre": "Concordia",
    "direccion": "Marcoleta 659",
    "ciudad": "Santiago",
    "jurisdiccion": "https://www.google.com/maps/search/?api=1&query=Marcoleta+659%2C+Santiago%2C+Chile",
    "dia_tenida": "",
    "hora_tenida": "",
    "mapa": ""
  },
  {
    "numero": 152,
    "nombre": "Frontera",
    "direccion": "Miraflores 1057",
    "ciudad": "Temuco",
    "jurisdiccion": "https://www.google.com/maps/search/?api=1&query=Miraflores+1057%2C+Temuco%2C+Chile",
    "dia_tenida": "",
    "hora_tenida": "",
    "mapa": ""
  },
  {
    "numero": 153,
    "nombre": "Educador Pedro Aguirre Cerda",
    "direccion": "Marcoleta 659",
    "ciudad": "Santiago",
    "jurisdiccion": "https://www.google.com/maps/search/?api=1&query=Marcoleta+659%2C+Santiago%2C+Chile",
    "dia_tenida": "",
    "hora_tenida": "",
    "mapa": ""
  },
  {
    "numero": 154,
    "nombre": "Moises Mussa Battal",
    "direccion": "Av. Santos Dummont 81",
    "ciudad": "Santiago",
    "jurisdiccion": "https://www.google.com/maps/search/?api=1&query=Av.+Santos+Dummont+81%2C+Santiago%2C+Chile",
    "dia_tenida": "",
    "hora_tenida": "",
    "mapa": ""
  },
  {
    "numero": 155,
    "nombre": "Alquimia",
    "direccion": "Pérez Rosales 777",
    "ciudad": "Valdivia",
    "jurisdiccion": "https://www.google.com/maps/search/?api=1&query=P%C3%A9rez+Rosales+777%2C+Valdivia%2C+Chile",
    "dia_tenida": "",
    "hora_tenida": "",
    "mapa": ""
  },
  {
    "numero": 156,
    "nombre": "Lealtad",
    "direccion": "Marcoleta 659",
    "ciudad": "Santiago",
    "jurisdiccion": "https://www.google.com/maps/search/?api=1&query=Marcoleta+659%2C+Santiago%2C+Chile",
    "dia_tenida": "",
    "hora_tenida": "",
    "mapa": ""
  },
  {
    "numero": 157,
    "nombre": "Cayenel",
    "direccion": "Valle de Volcanes S/N°",
    "ciudad": "Puerto Montt",
    "jurisdiccion": "https://www.google.com/maps/search/?api=1&query=Valle+de+Volcanes+S%2FN%C2%B0%2C+Puerto+Montt%2C+Chile",
    "dia_tenida": "",
    "hora_tenida": "",
    "mapa": ""
  },
  {
    "numero": 158,
    "nombre": "Occidente",
    "direccion": "Marcoleta 659 5° piso",
    "ciudad": "Santiago",
    "jurisdiccion": "https://www.google.com/maps/search/?api=1&query=Marcoleta+659+5%C2%B0+piso%2C+Santiago%2C+Chile",
    "dia_tenida": "",
    "hora_tenida": "",
    "mapa": ""
  },
  {
    "numero": 159,
    "nombre": "Juan Noé Crevani",
    "direccion": "19 de septiembre 2551",
    "ciudad": "Arica",
    "jurisdiccion": "https://www.google.com/maps/search/?api=1&query=19+de+septiembre+2551%2C+Arica%2C+Chile",
    "dia_tenida": "",
    "hora_tenida": "",
    "mapa": ""
  },
  {
    "numero": 160,
    "nombre": "Atanor",
    "direccion": "Marcoleta 665",
    "ciudad": "Santiago",
    "jurisdiccion": "https://www.google.com/maps/search/?api=1&query=Marcoleta+665%2C+Santiago%2C+Chile",
    "dia_tenida": "",
    "hora_tenida": "",
    "mapa": ""
  },
  {
    "numero": 161,
    "nombre": "Humberto Molina Luco",
    "direccion": "Av. Brasil 1817=",
    "ciudad": "Valparaíso",
    "jurisdiccion": "https://www.google.com/maps/search/?api=1&query=Av.+Brasil+1817%3D%2C+Valpara%C3%ADso%2C+Chile",
    "dia_tenida": "",
    "hora_tenida": "",
    "mapa": ""
  },
  {
    "numero": 162,
    "nombre": "Talcahuano",
    "direccion": "David Fuentes 179",
    "ciudad": "Talcahuano",
    "jurisdiccion": "https://www.google.com/maps/search/?api=1&query=David+Fuentes+179%2C+Talcahuano%2C+Chile",
    "dia_tenida": "",
    "hora_tenida": "",
    "mapa": ""
  },
  {
    "numero": 163,
    "nombre": "Ilustración",
    "direccion": "Santos Dumontt 81",
    "ciudad": "Santiago",
    "jurisdiccion": "https://www.google.com/maps/search/?api=1&query=Santos+Dumontt+81%2C+Santiago%2C+Chile",
    "dia_tenida": "",
    "hora_tenida": "",
    "mapa": ""
  },
  {
    "numero": 164,
    "nombre": "Atacama",
    "direccion": "Chacabuco 780",
    "ciudad": "Copiapó",
    "jurisdiccion": "https://www.google.com/maps/search/?api=1&query=Chacabuco+780%2C+Copiap%C3%B3%2C+Chile",
    "dia_tenida": "",
    "hora_tenida": "",
    "mapa": ""
  },
  {
    "numero": 165,
    "nombre": "Rafael J. Valdés",
    "direccion": "Campamento Llanta Casa 3 Casilla 5",
    "ciudad": "El Salvador",
    "jurisdiccion": "https://www.google.com/maps/search/?api=1&query=Campamento+Llanta+Casa+3+Casilla+5%2C+El+Salvador%2C+Chile",
    "dia_tenida": "",
    "hora_tenida": "",
    "mapa": ""
  },
  {
    "numero": 166,
    "nombre": "Educación y Progreso",
    "direccion": ".Manuel A. Matta 1116",
    "ciudad": "Osorno",
    "jurisdiccion": "https://www.google.com/maps/search/?api=1&query=.Manuel+A.+Matta+1116%2C+Osorno%2C+Chile",
    "dia_tenida": "",
    "hora_tenida": "",
    "mapa": ""
  },
  {
    "numero": 167,
    "nombre": "Fénix",
    "direccion": "Avda. Lourdes 2845",
    "ciudad": "Rancagua",
    "jurisdiccion": "https://www.google.com/maps/search/?api=1&query=Avda.+Lourdes+2845%2C+Rancagua%2C+Chile",
    "dia_tenida": "",
    "hora_tenida": "",
    "mapa": ""
  },
  {
    "numero": 168,
    "nombre": "Orpheo",
    "direccion": "Marcoleta 659",
    "ciudad": "Santiago",
    "jurisdiccion": "https://www.google.com/maps/search/?api=1&query=Marcoleta+659%2C+Santiago%2C+Chile",
    "dia_tenida": "",
    "hora_tenida": "",
    "mapa": ""
  },
  {
    "numero": 169,
    "nombre": "La Esperanza Coronada",
    "direccion": "19 de Septiembre 2359 Saucache",
    "ciudad": "Arica",
    "jurisdiccion": "https://www.google.com/maps/search/?api=1&query=19+de+Septiembre+2359+Saucache%2C+Arica%2C+Chile",
    "dia_tenida": "",
    "hora_tenida": "",
    "mapa": ""
  },
  {
    "numero": 170,
    "nombre": "Conun Huenu",
    "direccion": "San Martín 579 Casilla 556",
    "ciudad": "Temuco",
    "jurisdiccion": "https://www.google.com/maps/search/?api=1&query=San+Mart%C3%ADn+579+Casilla+556%2C+Temuco%2C+Chile",
    "dia_tenida": "",
    "hora_tenida": "",
    "mapa": ""
  },
  {
    "numero": 171,
    "nombre": "Maule",
    "direccion": "4 Sur 935 Casilla 1073",
    "ciudad": "Talca",
    "jurisdiccion": "https://www.google.com/maps/search/?api=1&query=4+Sur+935+Casilla+1073%2C+Talca%2C+Chile",
    "dia_tenida": "",
    "hora_tenida": "",
    "mapa": ""
  },
  {
    "numero": 172,
    "nombre": "Tradición y Esfuerzo",
    "direccion": "Alcalde 235",
    "ciudad": "Melipilla",
    "jurisdiccion": "https://www.google.com/maps/search/?api=1&query=Alcalde+235%2C+Melipilla%2C+Chile",
    "dia_tenida": "",
    "hora_tenida": "",
    "mapa": ""
  },
  {
    "numero": 173,
    "nombre": "Cachapoal",
    "direccion": "Germán Riesco N°1532",
    "ciudad": "San Vicente de Tagua Tagua",
    "jurisdiccion": "https://www.google.com/maps/search/?api=1&query=Germ%C3%A1n+Riesco+N%C2%B01532%2C+San+Vicente+de+Tagua+Tagua%2C+Chile",
    "dia_tenida": "",
    "hora_tenida": "",
    "mapa": ""
  },
  {
    "numero": 174,
    "nombre": "Galileo Galilei",
    "direccion": "Marcoleta 659",
    "ciudad": "Santiago Centro Citerior",
    "jurisdiccion": "https://www.google.com/maps/search/?api=1&query=Marcoleta+659%2C+Santiago+Centro+Citerior%2C+Chile",
    "dia_tenida": "",
    "hora_tenida": "",
    "mapa": ""
  },
  {
    "numero": 175,
    "nombre": "Luz y Verdad",
    "direccion": "Uribe 633",
    "ciudad": "Antofagasta",
    "jurisdiccion": "https://www.google.com/maps/search/?api=1&query=Uribe+633%2C+Antofagasta%2C+Chile",
    "dia_tenida": "",
    "hora_tenida": "",
    "mapa": ""
  },
  {
    "numero": 176,
    "nombre": "Enrique Pastor Lopez",
    "direccion": "Malaquías Concha Esq. A. Prat",
    "ciudad": "Coelemu",
    "jurisdiccion": "https://www.google.com/maps/search/?api=1&query=Malaqu%C3%ADas+Concha+Esq.+A.+Prat%2C+Coelemu%2C+Chile",
    "dia_tenida": "",
    "hora_tenida": "",
    "mapa": ""
  },
  {
    "numero": 177,
    "nombre": "Amulén",
    "direccion": ".Aldunate 530",
    "ciudad": "Temuco",
    "jurisdiccion": "https://www.google.com/maps/search/?api=1&query=.Aldunate+530%2C+Temuco%2C+Chile",
    "dia_tenida": "",
    "hora_tenida": "",
    "mapa": ""
  },
  {
    "numero": 178,
    "nombre": "Juan Antonio Ríos",
    "direccion": "Castellón 560",
    "ciudad": "Concepción",
    "jurisdiccion": "https://www.google.com/maps/search/?api=1&query=Castell%C3%B3n+560%2C+Concepci%C3%B3n%2C+Chile",
    "dia_tenida": "",
    "hora_tenida": "",
    "mapa": ""
  },
  {
    "numero": 179,
    "nombre": "Luigi Stefano Giarda",
    "direccion": "Bravo 965",
    "ciudad": "Providencia",
    "jurisdiccion": "https://www.google.com/maps/search/?api=1&query=Bravo+965%2C+Providencia%2C+Chile",
    "dia_tenida": "",
    "hora_tenida": "",
    "mapa": ""
  },
  {
    "numero": 180,
    "nombre": "Caballeros del Templo",
    "direccion": "Marcoleta 659",
    "ciudad": "Santiago",
    "jurisdiccion": "https://www.google.com/maps/search/?api=1&query=Marcoleta+659%2C+Santiago%2C+Chile",
    "dia_tenida": "",
    "hora_tenida": "",
    "mapa": ""
  },
  {
    "numero": 181,
    "nombre": "Patricio Lynch",
    "direccion": "Colchane 2457",
    "ciudad": "Iquique",
    "jurisdiccion": "https://www.google.com/maps/search/?api=1&query=Colchane+2457%2C+Iquique%2C+Chile",
    "dia_tenida": "",
    "hora_tenida": "",
    "mapa": ""
  },
  {
    "numero": 182,
    "nombre": "La Búsqueda",
    "direccion": "Bravo Nº 695",
    "ciudad": "Providencia",
    "jurisdiccion": "https://www.google.com/maps/search/?api=1&query=Bravo+N%C2%BA+695%2C+Providencia%2C+Chile",
    "dia_tenida": "",
    "hora_tenida": "",
    "mapa": ""
  },
  {
    "numero": 183,
    "nombre": "Ramón Morales Canales",
    "direccion": "Francisco Bilbao 1597",
    "ciudad": "Pitrufquén",
    "jurisdiccion": "https://www.google.com/maps/search/?api=1&query=Francisco+Bilbao+1597%2C+Pitrufqu%C3%A9n%2C+Chile",
    "dia_tenida": "",
    "hora_tenida": "",
    "mapa": ""
  },
  {
    "numero": 184,
    "nombre": "Cabo de Hornos",
    "direccion": "Avda. Colon 956",
    "ciudad": "Punta Arenas",
    "jurisdiccion": "https://www.google.com/maps/search/?api=1&query=Avda.+Colon+956%2C+Punta+Arenas%2C+Chile",
    "dia_tenida": "",
    "hora_tenida": "",
    "mapa": ""
  },
  {
    "numero": 185,
    "nombre": "Rehuen",
    "direccion": "Arriagada 973",
    "ciudad": "Mulchén",
    "jurisdiccion": "https://www.google.com/maps/search/?api=1&query=Arriagada+973%2C+Mulch%C3%A9n%2C+Chile",
    "dia_tenida": "",
    "hora_tenida": "",
    "mapa": ""
  },
  {
    "numero": 186,
    "nombre": "Andrés Bello",
    "direccion": "Marcoleta 659 Casilla 186",
    "ciudad": "Santiago",
    "jurisdiccion": "https://www.google.com/maps/search/?api=1&query=Marcoleta+659+Casilla+186%2C+Santiago%2C+Chile",
    "dia_tenida": "",
    "hora_tenida": "",
    "mapa": ""
  },
  {
    "numero": 187,
    "nombre": "Aguas Azules",
    "direccion": "Avda Pdte. Ibáñez S/N°",
    "ciudad": "Calbuco",
    "jurisdiccion": "https://www.google.com/maps/search/?api=1&query=Avda+Pdte.+Ib%C3%A1%C3%B1ez+S%2FN%C2%B0%2C+Calbuco%2C+Chile",
    "dia_tenida": "",
    "hora_tenida": "",
    "mapa": ""
  },
  {
    "numero": 188,
    "nombre": "Buenaventura Cádiz",
    "direccion": "Viana N°553",
    "ciudad": "Viña del Mar",
    "jurisdiccion": "https://www.google.com/maps/search/?api=1&query=Viana+N%C2%B0553%2C+Vi%C3%B1a+del+Mar%2C+Chile",
    "dia_tenida": "",
    "hora_tenida": "",
    "mapa": ""
  },
  {
    "numero": 189,
    "nombre": "Crisol del Elqui",
    "direccion": "Los Carrera Nº 595 Casilla 307",
    "ciudad": "La Serena",
    "jurisdiccion": "https://www.google.com/maps/search/?api=1&query=Los+Carrera+N%C2%BA+595+Casilla+307%2C+La+Serena%2C+Chile",
    "dia_tenida": "",
    "hora_tenida": "",
    "mapa": ""
  },
  {
    "numero": 191,
    "nombre": "Salvador Allende",
    "direccion": "Marcoleta 659",
    "ciudad": "Santiago",
    "jurisdiccion": "https://www.google.com/maps/search/?api=1&query=Marcoleta+659%2C+Santiago%2C+Chile",
    "dia_tenida": "",
    "hora_tenida": "",
    "mapa": ""
  },
  {
    "numero": 192,
    "nombre": "Los Libertadores",
    "direccion": "Hermano Carrera 1533",
    "ciudad": "Maipú",
    "jurisdiccion": "https://www.google.com/maps/search/?api=1&query=Hermano+Carrera+1533%2C+Maip%C3%BA%2C+Chile",
    "dia_tenida": "",
    "hora_tenida": "",
    "mapa": ""
  },
  {
    "numero": 193,
    "nombre": "Eugenio Matte Hurtado",
    "direccion": "Rosas 456",
    "ciudad": "Chillán",
    "jurisdiccion": "https://www.google.com/maps/search/?api=1&query=Rosas+456%2C+Chill%C3%A1n%2C+Chile",
    "dia_tenida": "",
    "hora_tenida": "",
    "mapa": ""
  },
  {
    "numero": 194,
    "nombre": "Gustavo Fricke Schenke",
    "direccion": "VIANA 553, VIÑA DEL MAR",
    "ciudad": "Viña del Mar",
    "jurisdiccion": "https://www.google.com/maps/search/?api=1&query=VIANA+553%2C+VI%C3%91A+DEL+MAR%2C+Vi%C3%B1a+del+Mar%2C+Chile",
    "dia_tenida": "",
    "hora_tenida": "",
    "mapa": ""
  },
  {
    "numero": 195,
    "nombre": "Nueva Era",
    "direccion": "Marcoleta 659",
    "ciudad": "Santiago",
    "jurisdiccion": "https://www.google.com/maps/search/?api=1&query=Marcoleta+659%2C+Santiago%2C+Chile",
    "dia_tenida": "",
    "hora_tenida": "",
    "mapa": ""
  },
  {
    "numero": 196,
    "nombre": "Arte Real",
    "direccion": "Marcoleta 659",
    "ciudad": "Santiago",
    "jurisdiccion": "https://www.google.com/maps/search/?api=1&query=Marcoleta+659%2C+Santiago%2C+Chile",
    "dia_tenida": "",
    "hora_tenida": "",
    "mapa": ""
  },
  {
    "numero": 197,
    "nombre": "Lorenzo Arenas Olivos",
    "direccion": "Las Margaritas 1778",
    "ciudad": "San Pedro",
    "jurisdiccion": "https://www.google.com/maps/search/?api=1&query=Las+Margaritas+1778%2C+San+Pedro%2C+Chile",
    "dia_tenida": "",
    "hora_tenida": "",
    "mapa": ""
  },
  {
    "numero": 198,
    "nombre": "Manuel Guzmán Maturana",
    "direccion": "Camino a Zapallar S/N° Casilla 375",
    "ciudad": "Curicó",
    "jurisdiccion": "https://www.google.com/maps/search/?api=1&query=Camino+a+Zapallar+S%2FN%C2%B0+Casilla+375%2C+Curic%C3%B3%2C+Chile",
    "dia_tenida": "",
    "hora_tenida": "",
    "mapa": ""
  },
  {
    "numero": 199,
    "nombre": "Volcán Villarrica",
    "direccion": "Isabel Riquelme 515",
    "ciudad": "Villarrica",
    "jurisdiccion": "https://www.google.com/maps/search/?api=1&query=Isabel+Riquelme+515%2C+Villarrica%2C+Chile",
    "dia_tenida": "",
    "hora_tenida": "",
    "mapa": ""
  },
  {
    "numero": 200,
    "nombre": "Germán Tenderini",
    "direccion": "Lynch Norte N°650",
    "ciudad": "Providencia",
    "jurisdiccion": "https://www.google.com/maps/search/?api=1&query=Lynch+Norte+N%C2%B0650%2C+Providencia%2C+Chile",
    "dia_tenida": "",
    "hora_tenida": "",
    "mapa": ""
  },
  {
    "numero": 201,
    "nombre": "Malleco",
    "direccion": "Alcazar 1479",
    "ciudad": "Collipulli",
    "jurisdiccion": "https://www.google.com/maps/search/?api=1&query=Alcazar+1479%2C+Collipulli%2C+Chile",
    "dia_tenida": "",
    "hora_tenida": "",
    "mapa": ""
  },
  {
    "numero": 202,
    "nombre": "Valparaíso",
    "direccion": "Av. Brasil Nº 1817 - Casilla 3552",
    "ciudad": "Valparaíso",
    "jurisdiccion": "https://www.google.com/maps/search/?api=1&query=Av.+Brasil+N%C2%BA+1817+-+Casilla+3552%2C+Valpara%C3%ADso%2C+Chile",
    "dia_tenida": "",
    "hora_tenida": "",
    "mapa": ""
  },
  {
    "numero": 203,
    "nombre": "Ñuble",
    "direccion": "Rosas 456",
    "ciudad": "Chillán",
    "jurisdiccion": "https://www.google.com/maps/search/?api=1&query=Rosas+456%2C+Chill%C3%A1n%2C+Chile",
    "dia_tenida": "",
    "hora_tenida": "",
    "mapa": ""
  },
  {
    "numero": 204,
    "nombre": "Etoile de France",
    "direccion": "Lynch Norte Nº 650",
    "ciudad": "La Reina",
    "jurisdiccion": "https://www.google.com/maps/search/?api=1&query=Lynch+Norte+N%C2%BA+650%2C+La+Reina%2C+Chile",
    "dia_tenida": "",
    "hora_tenida": "",
    "mapa": ""
  },
  {
    "numero": 205,
    "nombre": "Discernimiento",
    "direccion": "Colo Colo 456",
    "ciudad": "Los Angeles",
    "jurisdiccion": "https://www.google.com/maps/search/?api=1&query=Colo+Colo+456%2C+Los+Angeles%2C+Chile",
    "dia_tenida": "",
    "hora_tenida": "",
    "mapa": ""
  },
  {
    "numero": 206,
    "nombre": "Wolfgang Amadeus Mozart=",
    "direccion": "Marcoleta 659",
    "ciudad": "Santiago",
    "jurisdiccion": "https://www.google.com/maps/search/?api=1&query=Marcoleta+659%2C+Santiago%2C+Chile",
    "dia_tenida": "",
    "hora_tenida": "",
    "mapa": ""
  },
  {
    "numero": 207,
    "nombre": "Geometría",
    "direccion": "Marcoleta 665",
    "ciudad": "Santiago",
    "jurisdiccion": "https://www.google.com/maps/search/?api=1&query=Marcoleta+665%2C+Santiago%2C+Chile",
    "dia_tenida": "",
    "hora_tenida": "",
    "mapa": ""
  },
  {
    "numero": 208,
    "nombre": "Virginio Gómez González",
    "direccion": "Castellón 560",
    "ciudad": "Chiguayante",
    "jurisdiccion": "https://www.google.com/maps/search/?api=1&query=Castell%C3%B3n+560%2C+Chiguayante%2C+Chile",
    "dia_tenida": "",
    "hora_tenida": "",
    "mapa": ""
  },
  {
    "numero": 209,
    "nombre": "Cosmos",
    "direccion": "Exequiel Fernández 120",
    "ciudad": "Ñuñoa",
    "jurisdiccion": "https://www.google.com/maps/search/?api=1&query=Exequiel+Fern%C3%A1ndez+120%2C+%C3%91u%C3%B1oa%2C+Chile",
    "dia_tenida": "",
    "hora_tenida": "",
    "mapa": ""
  },
  {
    "numero": 210,
    "nombre": "La Granada",
    "direccion": "Almarza N°356",
    "ciudad": "Rancagua",
    "jurisdiccion": "https://www.google.com/maps/search/?api=1&query=Almarza+N%C2%B0356%2C+Rancagua%2C+Chile",
    "dia_tenida": "",
    "hora_tenida": "",
    "mapa": ""
  },
  {
    "numero": 211,
    "nombre": "Camilo Henrìquez",
    "direccion": "Marcoleta 659, Santiago, Santiago",
    "ciudad": "Santiago Centro Citerior",
    "jurisdiccion": "https://www.google.com/maps/search/?api=1&query=Marcoleta+659%2C+Santiago%2C+Santiago%2C+Santiago+Centro+Citerior%2C+Chile",
    "dia_tenida": "",
    "hora_tenida": "",
    "mapa": ""
  },
  {
    "numero": 212,
    "nombre": "Anaxágoras",
    "direccion": "José Manuel Infante 1368",
    "ciudad": "Providencia",
    "jurisdiccion": "https://www.google.com/maps/search/?api=1&query=Jos%C3%A9+Manuel+Infante+1368%2C+Providencia%2C+Chile",
    "dia_tenida": "",
    "hora_tenida": "",
    "mapa": ""
  },
  {
    "numero": 213,
    "nombre": "Trabajo y Disciplina",
    "direccion": "Los Carrera 580",
    "ciudad": "La Serena",
    "jurisdiccion": "https://www.google.com/maps/search/?api=1&query=Los+Carrera+580%2C+La+Serena%2C+Chile",
    "dia_tenida": "",
    "hora_tenida": "",
    "mapa": ""
  },
  {
    "numero": 214,
    "nombre": "Marco Bontá Costa",
    "direccion": "Marcoleta 659",
    "ciudad": "Santiago",
    "jurisdiccion": "https://www.google.com/maps/search/?api=1&query=Marcoleta+659%2C+Santiago%2C+Chile",
    "dia_tenida": "",
    "hora_tenida": "",
    "mapa": ""
  },
  {
    "numero": 215,
    "nombre": "Melipulli",
    "direccion": "Alto La Paloma",
    "ciudad": "Puerto Montt",
    "jurisdiccion": "https://www.google.com/maps/search/?api=1&query=Alto+La+Paloma%2C+Puerto+Montt%2C+Chile",
    "dia_tenida": "",
    "hora_tenida": "",
    "mapa": ""
  },
  {
    "numero": 216,
    "nombre": "Escuadra y Compas",
    "direccion": "Marcoleta 659",
    "ciudad": "Santiago",
    "jurisdiccion": "https://www.google.com/maps/search/?api=1&query=Marcoleta+659%2C+Santiago%2C+Chile",
    "dia_tenida": "",
    "hora_tenida": "",
    "mapa": ""
  },
  {
    "numero": 217,
    "nombre": "Enrique Jenkins Carter",
    "direccion": "4 Sur 935",
    "ciudad": "Talca",
    "jurisdiccion": "https://www.google.com/maps/search/?api=1&query=4+Sur+935%2C+Talca%2C+Chile",
    "dia_tenida": "",
    "hora_tenida": "",
    "mapa": ""
  },
  {
    "numero": 218,
    "nombre": "Cadena Fraternal Caldera",
    "direccion": "Cousiño 271 Casilla 121",
    "ciudad": "Caldera",
    "jurisdiccion": "https://www.google.com/maps/search/?api=1&query=Cousi%C3%B1o+271+Casilla+121%2C+Caldera%2C+Chile",
    "dia_tenida": "",
    "hora_tenida": "",
    "mapa": ""
  },
  {
    "numero": 219,
    "nombre": "El Faro",
    "direccion": "Gallo Loco 573",
    "ciudad": "El Quisco",
    "jurisdiccion": "https://www.google.com/maps/search/?api=1&query=Gallo+Loco+573%2C+El+Quisco%2C+Chile",
    "dia_tenida": "",
    "hora_tenida": "",
    "mapa": ""
  },
  {
    "numero": 220,
    "nombre": "Egregora",
    "direccion": "Marcoleta 659",
    "ciudad": "Santiago",
    "jurisdiccion": "https://www.google.com/maps/search/?api=1&query=Marcoleta+659%2C+Santiago%2C+Chile",
    "dia_tenida": "",
    "hora_tenida": "",
    "mapa": ""
  },
  {
    "numero": 221,
    "nombre": "Sir Francis Bacon",
    "direccion": "Marcoleta 659",
    "ciudad": "Santiago",
    "jurisdiccion": "https://www.google.com/maps/search/?api=1&query=Marcoleta+659%2C+Santiago%2C+Chile",
    "dia_tenida": "",
    "hora_tenida": "",
    "mapa": ""
  },
  {
    "numero": 222,
    "nombre": "Materia y Espiritu",
    "direccion": "Jose Luis Coo = 312",
    "ciudad": "Pirque",
    "jurisdiccion": "https://www.google.com/maps/search/?api=1&query=Jose+Luis+Coo+%3D+312%2C+Pirque%2C+Chile",
    "dia_tenida": "",
    "hora_tenida": "",
    "mapa": ""
  },
  {
    "numero": 223,
    "nombre": "Juvenal Hernández Jaque",
    "direccion": "Marcoleta 659",
    "ciudad": "Santiago",
    "jurisdiccion": "https://www.google.com/maps/search/?api=1&query=Marcoleta+659%2C+Santiago%2C+Chile",
    "dia_tenida": "",
    "hora_tenida": "",
    "mapa": ""
  },
  {
    "numero": 224,
    "nombre": "Luz de Ñuñoa",
    "direccion": "Exequiél Fernández 120",
    "ciudad": "Ñuñoa",
    "jurisdiccion": "https://www.google.com/maps/search/?api=1&query=Exequi%C3%A9l+Fern%C3%A1ndez+120%2C+%C3%91u%C3%B1oa%2C+Chile",
    "dia_tenida": "",
    "hora_tenida": "",
    "mapa": ""
  },
  {
    "numero": 225,
    "nombre": "Manantial Araucano",
    "direccion": "Sector Los Perales S/N Punta Carampangue",
    "ciudad": "Arauco",
    "jurisdiccion": "https://www.google.com/maps/search/?api=1&query=Sector+Los+Perales+S%2FN+Punta+Carampangue%2C+Arauco%2C+Chile",
    "dia_tenida": "",
    "hora_tenida": "",
    "mapa": ""
  },
  {
    "numero": 226,
    "nombre": "Constancia",
    "direccion": "Teniente Merino 1002",
    "ciudad": "Puerto Aysen",
    "jurisdiccion": "https://www.google.com/maps/search/?api=1&query=Teniente+Merino+1002%2C+Puerto+Aysen%2C+Chile",
    "dia_tenida": "",
    "hora_tenida": "",
    "mapa": ""
  },
  {
    "numero": 227,
    "nombre": "Antofagasta",
    "direccion": "Uribe 633",
    "ciudad": "Antofagasta",
    "jurisdiccion": "https://www.google.com/maps/search/?api=1&query=Uribe+633%2C+Antofagasta%2C+Chile",
    "dia_tenida": "",
    "hora_tenida": "",
    "mapa": ""
  },
  {
    "numero": 228,
    "nombre": "Inti Huasi",
    "direccion": "Villa Alegre, Campo Lindo, P 28, Lote 6",
    "ciudad": "Melipilla",
    "jurisdiccion": "https://www.google.com/maps/search/?api=1&query=Villa+Alegre%2C+Campo+Lindo%2C+P+28%2C+Lote+6%2C+Melipilla%2C+Chile",
    "dia_tenida": "",
    "hora_tenida": "",
    "mapa": ""
  },
  {
    "numero": 229,
    "nombre": "Pedro Castelblanco Agüero",
    "direccion": "Brasil N°1817",
    "ciudad": "Valparaíso",
    "jurisdiccion": "https://www.google.com/maps/search/?api=1&query=Brasil+N%C2%B01817%2C+Valpara%C3%ADso%2C+Chile",
    "dia_tenida": "",
    "hora_tenida": "",
    "mapa": ""
  },
  {
    "numero": 230,
    "nombre": "Las Condes",
    "direccion": "José Manuel Infante N°1400",
    "ciudad": "Providencia",
    "jurisdiccion": "https://www.google.com/maps/search/?api=1&query=Jos%C3%A9+Manuel+Infante+N%C2%B01400%2C+Providencia%2C+Chile",
    "dia_tenida": "",
    "hora_tenida": "",
    "mapa": ""
  },
  {
    "numero": 231,
    "nombre": "Víctor Chiappa Lay",
    "direccion": "Víctor Chiappa Lay s/n",
    "ciudad": "Quellón",
    "jurisdiccion": "https://www.google.com/maps/search/?api=1&query=V%C3%ADctor+Chiappa+Lay+s%2Fn%2C+Quell%C3%B3n%2C+Chile",
    "dia_tenida": "",
    "hora_tenida": "",
    "mapa": ""
  },
  {
    "numero": 232,
    "nombre": "Blas Cuevas Zamora",
    "direccion": "Avda. Brasil N°1817",
    "ciudad": "Valparaíso",
    "jurisdiccion": "https://www.google.com/maps/search/?api=1&query=Avda.+Brasil+N%C2%B01817%2C+Valpara%C3%ADso%2C+Chile",
    "dia_tenida": "",
    "hora_tenida": "",
    "mapa": ""
  },
  {
    "numero": 233,
    "nombre": "Hain",
    "direccion": "Avda. Colón N°956",
    "ciudad": "Punta Arenas",
    "jurisdiccion": "https://www.google.com/maps/search/?api=1&query=Avda.+Col%C3%B3n+N%C2%B0956%2C+Punta+Arenas%2C+Chile",
    "dia_tenida": "",
    "hora_tenida": "",
    "mapa": ""
  },
  {
    "numero": 234,
    "nombre": "El Libertador de Chile",
    "direccion": "Rosas 456",
    "ciudad": "Chillán",
    "jurisdiccion": "https://www.google.com/maps/search/?api=1&query=Rosas+456%2C+Chill%C3%A1n%2C+Chile",
    "dia_tenida": "",
    "hora_tenida": "",
    "mapa": ""
  },
  {
    "numero": 235,
    "nombre": "Igualdad y Libertad",
    "direccion": "Agua Fría 1056",
    "ciudad": "Molina",
    "jurisdiccion": "https://www.google.com/maps/search/?api=1&query=Agua+Fr%C3%ADa+1056%2C+Molina%2C+Chile",
    "dia_tenida": "",
    "hora_tenida": "",
    "mapa": ""
  },
  {
    "numero": 236,
    "nombre": "Kimún",
    "direccion": "Avda. Vicente Pérez Rosales N°777",
    "ciudad": "Valdivia",
    "jurisdiccion": "https://www.google.com/maps/search/?api=1&query=Avda.+Vicente+P%C3%A9rez+Rosales+N%C2%B0777%2C+Valdivia%2C+Chile",
    "dia_tenida": "",
    "hora_tenida": "",
    "mapa": ""
  },
  {
    "numero": 237,
    "nombre": "Manuel Sepúlveda Chavarría",
    "direccion": "Marcoleta 659",
    "ciudad": "Santiago",
    "jurisdiccion": "https://www.google.com/maps/search/?api=1&query=Marcoleta+659%2C+Santiago%2C+Chile",
    "dia_tenida": "",
    "hora_tenida": "",
    "mapa": ""
  },
  {
    "numero": 238,
    "nombre": "Eduardo Schütz Schroeder",
    "direccion": "Aurelio Andrade s/n",
    "ciudad": "Puerto Montt",
    "jurisdiccion": "https://www.google.com/maps/search/?api=1&query=Aurelio+Andrade+s%2Fn%2C+Puerto+Montt%2C+Chile",
    "dia_tenida": "",
    "hora_tenida": "",
    "mapa": ""
  },
  {
    "numero": 239,
    "nombre": "Ciencia y Virtud",
    "direccion": "Calle 4 sur 935",
    "ciudad": "Talca",
    "jurisdiccion": "https://www.google.com/maps/search/?api=1&query=Calle+4+sur+935%2C+Talca%2C+Chile",
    "dia_tenida": "",
    "hora_tenida": "",
    "mapa": ""
  },
  {
    "numero": 240,
    "nombre": "Educador Alfonso Valenzuela Jara",
    "direccion": "Rosas 456",
    "ciudad": "Chillán",
    "jurisdiccion": "https://www.google.com/maps/search/?api=1&query=Rosas+456%2C+Chill%C3%A1n%2C+Chile",
    "dia_tenida": "",
    "hora_tenida": "",
    "mapa": ""
  },
  {
    "numero": 241,
    "nombre": "Jaime Galté Carré",
    "direccion": "Marcoleta 659",
    "ciudad": "Santiago",
    "jurisdiccion": "https://www.google.com/maps/search/?api=1&query=Marcoleta+659%2C+Santiago%2C+Chile",
    "dia_tenida": "",
    "hora_tenida": "",
    "mapa": ""
  },
  {
    "numero": 242,
    "nombre": "Concón",
    "direccion": "Los Cerezos N°223 - Sector Los Romeros",
    "ciudad": "Concón",
    "jurisdiccion": "https://www.google.com/maps/search/?api=1&query=Los+Cerezos+N%C2%B0223+-+Sector+Los+Romeros%2C+Conc%C3%B3n%2C+Chile",
    "dia_tenida": "",
    "hora_tenida": "",
    "mapa": ""
  },
  {
    "numero": 243,
    "nombre": "Masonería Azul",
    "direccion": "Avda. Brasil N°1817",
    "ciudad": "Valparaíso",
    "jurisdiccion": "https://www.google.com/maps/search/?api=1&query=Avda.+Brasil+N%C2%B01817%2C+Valpara%C3%ADso%2C+Chile",
    "dia_tenida": "",
    "hora_tenida": "",
    "mapa": ""
  },
  {
    "numero": 244,
    "nombre": "Ignacio González Ginouves",
    "direccion": "Castellón 560",
    "ciudad": "Concepción",
    "jurisdiccion": "https://www.google.com/maps/search/?api=1&query=Castell%C3%B3n+560%2C+Concepci%C3%B3n%2C+Chile",
    "dia_tenida": "",
    "hora_tenida": "",
    "mapa": ""
  },
  {
    "numero": 245,
    "nombre": "Dignidad",
    "direccion": "Octava N°1293",
    "ciudad": "Valparaíso",
    "jurisdiccion": "https://www.google.com/maps/search/?api=1&query=Octava+N%C2%B01293%2C+Valpara%C3%ADso%2C+Chile",
    "dia_tenida": "",
    "hora_tenida": "",
    "mapa": ""
  },
  {
    "numero": 246,
    "nombre": "Los Canteros",
    "direccion": "Alcalde N°235",
    "ciudad": "Melipilla",
    "jurisdiccion": "https://www.google.com/maps/search/?api=1&query=Alcalde+N%C2%B0235%2C+Melipilla%2C+Chile",
    "dia_tenida": "",
    "hora_tenida": "",
    "mapa": ""
  },
  {
    "numero": 247,
    "nombre": "Fraternidad Universal",
    "direccion": "19 de Septiembre N° 2551",
    "ciudad": "Arica",
    "jurisdiccion": "https://www.google.com/maps/search/?api=1&query=19+de+Septiembre+N%C2%B0+2551%2C+Arica%2C+Chile",
    "dia_tenida": "",
    "hora_tenida": "",
    "mapa": ""
  },
  {
    "numero": 248,
    "nombre": "Librepensadores",
    "direccion": "Exequiel Fernández Nº120",
    "ciudad": "Ñuñoa-Macul",
    "jurisdiccion": "https://www.google.com/maps/search/?api=1&query=Exequiel+Fern%C3%A1ndez+N%C2%BA120%2C+%C3%91u%C3%B1oa-Macul%2C+Chile",
    "dia_tenida": "",
    "hora_tenida": "",
    "mapa": ""
  },
  {
    "numero": 249,
    "nombre": "Estabilidad y Generación",
    "direccion": "",
    "ciudad": "",
    "jurisdiccion": "",
    "dia_tenida": "",
    "hora_tenida": "",
    "mapa": ""
  },
  {
    "numero": 250,
    "nombre": "Caleuche",
    "direccion": "",
    "ciudad": "",
    "jurisdiccion": "",
    "dia_tenida": "",
    "hora_tenida": "",
    "mapa": ""
  },
  {
    "numero": 251,
    "nombre": "Estrella del Biobío",
    "direccion": "",
    "ciudad": "",
    "jurisdiccion": "",
    "dia_tenida": "",
    "hora_tenida": "",
    "mapa": ""
  },
  {
    "numero": 252,
    "nombre": "Llacolén",
    "direccion": "",
    "ciudad": "",
    "jurisdiccion": "",
    "dia_tenida": "",
    "hora_tenida": "",
    "mapa": ""
  },
  {
    "numero": 253,
    "nombre": "Puelche",
    "direccion": "",
    "ciudad": "",
    "jurisdiccion": "",
    "dia_tenida": "",
    "hora_tenida": "",
    "mapa": ""
  },
  {
    "numero": 254,
    "nombre": "Templanza",
    "direccion": "",
    "ciudad": "",
    "jurisdiccion": "",
    "dia_tenida": "",
    "hora_tenida": "",
    "mapa": ""
  },
  {
    "numero": 255,
    "nombre": "Heráclito de Éfeso",
    "direccion": "",
    "ciudad": "",
    "jurisdiccion": "",
    "dia_tenida": "",
    "hora_tenida": "",
    "mapa": ""
  },
  {
    "numero": 256,
    "nombre": "Estudio y Acción",
    "direccion": "",
    "ciudad": "",
    "jurisdiccion": "",
    "dia_tenida": "",
    "hora_tenida": "",
    "mapa": ""
  },
  {
    "numero": 257,
    "nombre": "Educador Marino Pizarro Pizarro",
    "direccion": "",
    "ciudad": "",
    "jurisdiccion": "",
    "dia_tenida": "",
    "hora_tenida": "",
    "mapa": ""
  },
  {
    "numero": 258,
    "nombre": "Kayumanque",
    "direccion": "",
    "ciudad": "",
    "jurisdiccion": "",
    "dia_tenida": "",
    "hora_tenida": "",
    "mapa": ""
  },
  {
    "numero": 259,
    "nombre": "Baruj Spinoza",
    "direccion": "",
    "ciudad": "",
    "jurisdiccion": "",
    "dia_tenida": "",
    "hora_tenida": "",
    "mapa": ""
  }
]
